Model,National GDP MAE,National GDP RMSE,National GDP SMAPE,National GDP MASE,Primary Industries MAE,Primary Industries RMSE,Primary Industries SMAPE,Primary Industries MASE,Goods-Producing Industries MAE,Goods-Producing Industries RMSE,Goods-Producing Industries SMAPE,Goods-Producing Industries MASE,Services Industries MAE,Services Industries RMSE,Services Industries SMAPE,Services Industries MASE,Mean Rank
Moirai‑1.1‑R‑large,0.43,0.55,0.47,0.44,0.49,0.55,0.36,0.31,0.58,0.67,0.46,0.3,0.49,0.58,0.52,0.52,1.25
Moirai‑1.1‑R‑small,0.52,0.6,0.42,0.54,0.73,0.86,0.23,0.46,0.95,1.18,0.54,0.49,0.45,0.52,0.26,0.47,2.0
Moirai‑1.1‑R‑base,0.52,0.62,0.47,0.53,0.81,1.18,0.44,0.51,0.57,0.69,0.31,0.29,0.65,0.85,0.38,0.69,2.75
Persistence,0.85,1.12,0.71,0.87,1.53,1.81,0.43,0.97,1.71,2.21,0.86,0.88,0.89,1.0,0.68,0.94,4.25
Chronos‑t5‑large,0.87,1.2,0.76,0.89,1.9,2.27,0.64,1.2,2.03,2.46,1.12,1.04,0.89,1.0,0.69,0.94,5.5
Chronos‑t5‑small,0.94,1.21,0.82,0.96,1.17,1.41,0.26,0.74,2.13,2.54,1.28,1.09,0.87,1.06,0.66,0.92,6.0
Chronos‑t5‑base,0.92,1.27,0.78,0.95,1.59,1.85,0.33,1.0,2.0,2.53,1.0,1.02,0.89,1.02,0.68,0.94,6.5
AutoArima,1.66,1.96,1.18,1.71,1.53,1.84,0.38,0.97,4.71,5.2,1.73,2.41,1.24,1.48,0.75,1.31,7.75
TimeGPT‑1,2.46,3.03,1.21,2.52,2.31,3.01,0.65,1.46,3.85,4.95,1.4,1.97,2.16,2.62,0.98,2.28,8.75
